{
  "project_info": {
    "project_number": "578435043964",
    "project_id": "lapor-book-xd",
    "storage_bucket": "lapor-book-xd.appspot.com"
  },
  "client": [
    {
      "client_info": {
        "mobilesdk_app_id": "1:578435043964:android:d98951c3c2027c2d38eff9",
        "android_client_info": {
          "package_name": "com.example.lapor_book"
        }
      },
      "oauth_client": [],
      "api_key": [
        {
          "current_key": "AIzaSyBpgKvmfx_YipzVaM-9AhEdXbEMkGzFvxg"
        }
      ],
      "services": {
        "appinvite_service": {
          "other_platform_oauth_client": []
        }
      }
    }
  ],
  "configuration_version": "1"
}